customerid,name,email,subscription_date
1,Lori Brown,bdavenport@vasquez-lucas.biz,2024-07-01
2,Monica Yoder,jsnyder@hotmail.com,2025-04-04
3,Dr. Laurie Sanders MD,timothymitchell@thompson.com,2024-06-06
4,Stephanie Nash,williambrooks@lynch.info,2023-12-17
5,Lisa Scott,sharonshaw@daniels.org,2024-06-04
6,Sabrina Mitchell,mark16@foster.com,2024-06-24
7,James Torres,jimenezamy@gmail.com,2024-07-17
8,Alison Hart,bjackson@fischer.com,2023-08-27
9,Sonya Miller,teresaknight@gmail.com,2025-05-01
10,Elizabeth White,christopher63@stevens.com,2024-05-11
11,Michael Savage,gwilson@thompson.info,2024-03-16
12,Ricky Scott,calebbarker@gmail.com,2023-11-19
13,Robert Oconnor,jcooper@brown-mack.net,2024-11-12
14,Harold Jackson,ryanlewis@miller.com,2024-05-12
15,Kenneth Jones,orozcoveronica@clark-melendez.org,2024-03-04
16,Stephanie Flores,ramirezjason@gmail.com,2025-03-12
17,Faith Johnson,kenneth86@gmail.com,2024-08-17
18,Paul Gonzalez,stephen25@hotmail.com,2025-03-25
19,David Bauer,brian35@stewart.info,2023-11-06
20,Dale Edwards,cdiaz@delacruz-andrews.info,2024-09-10
21,Taylor Singleton,edward27@yahoo.com,2024-08-11
22,Jason Robertson,milesjames@chambers.com,2024-07-01
23,Philip Bell,ashley77@nguyen.com,2024-01-24
24,Robert Klein,jennifer01@yahoo.com,2024-06-30
25,Mr. Roger Smith,melodydoyle@yahoo.com,2024-01-11
26,Jessica Contreras PhD,hdunn@gmail.com,2025-06-07
27,Michael Gray,heathersmith@yahoo.com,2024-07-14
28,Michael Carroll,wolfebarbara@harris-hernandez.com,2024-07-13
29,Sharon Mcintosh,velazquezlaura@oliver.com,2023-09-25
30,Victoria Medina,bmcintosh@hotmail.com,2024-04-06
31,Timothy Johnson,qblackburn@williams-harvey.info,2024-10-14
32,Shelby Martin,ycollins@rice.net,2024-11-21
33,Allison Casey,rayholly@miller.com,2024-09-09
34,James Morgan,jamesweber@james-russell.info,2024-08-01
35,Frances Mcintosh,jameslee@yahoo.com,2024-09-05
36,Ashley Lloyd,vwallace@gmail.com,2025-02-08
37,Michael Allen,tharris@yahoo.com,2025-02-27
38,Nicole Bird,gilmoreaustin@yahoo.com,2024-07-30
39,Christopher Fowler,olara@sheppard.info,2024-03-14
40,Stephen Kelly,woodarddaniel@yahoo.com,2024-05-21
41,Brandon Moore,christine93@hunter.com,2025-05-06
42,Angela Edwards,ebonywalters@braun-hayes.biz,2023-12-17
43,Phillip Mcclain,julie83@hotmail.com,2024-01-30
44,Tara Long,agarcia@hanson-ramirez.com,2025-06-15
45,Denise White,susanporter@fletcher.com,2024-07-18
46,Danielle Peters,simpsonjohn@hotmail.com,2025-02-03
47,Tamara Braun,gevans@gmail.com,2025-03-27
48,Brian Mitchell,jasmin02@yahoo.com,2024-06-07
49,Brian Gilbert,taylorjennifer@hotmail.com,2024-12-13
50,Caleb Copeland,christopher40@lopez.info,2023-10-24
51,Tamara Santana,daniel26@tran.biz,2024-07-24
52,Michelle Miller,john39@gmail.com,2024-12-10
53,Joseph Cole,kristen77@peterson.com,2024-12-19
54,Kenneth Vasquez,umanning@west.net,2023-11-05
55,Tina Johnson,padillamelissa@davis-green.net,2024-09-25
56,Yvonne Blake,zmorgan@rogers.net,2024-06-06
57,Benjamin Cox,gmartinez@franklin.com,2023-10-18
58,Jeanette Hall,curtisjackson@coleman.net,2024-01-31
59,Roy Obrien,michelle79@yahoo.com,2025-01-20
60,Anthony Knox,ortizkristina@gmail.com,2024-08-27
61,Barry Cobb,vweaver@gmail.com,2024-05-20
62,Justin Evans,andrewferguson@walsh.biz,2024-01-02
63,Patrick Murphy,qrice@carlson-jefferson.com,2023-12-16
64,Renee Nelson,aglover@gmail.com,2024-03-28
65,Dr. Nicholas Peters,thomasnguyen@peterson.com,2023-12-05
66,John Burch,dmartinez@yahoo.com,2023-08-06
67,Jessica Wallace,deborahcurry@gmail.com,2025-07-03
68,John Boyd,jean44@simmons-kane.com,2024-12-09
69,Michael Phillips,walkermargaret@simmons-pittman.net,2024-09-22
70,Rebecca Mayer,lgrant@douglas.biz,2024-07-20
71,Susan Gamble,davidhines@pruitt.info,2025-03-31
72,Michael Copeland,dhall@yahoo.com,2024-07-17
73,William Lopez,nancychandler@yahoo.com,2025-03-17
74,Emily Duncan,codom@cooley.com,2025-07-09
75,Krystal Jones,gomezjennifer@hotmail.com,2024-07-02
76,Paul Fuentes,christopher09@gonzalez.info,2024-03-21
77,Brenda Cain,davidtrujillo@graham-chambers.info,2025-04-16
78,Patrick Moss,abarker@allen.com,2023-10-08
79,Karen Mendez,ecooper@yahoo.com,2024-03-06
80,Danielle Hughes,schwartzvictor@duran.biz,2025-03-14
81,Candice Mcdonald,sarah14@kirk.com,2025-07-12
82,Paige Barnes,blackdebra@yahoo.com,2024-02-27
83,Zachary Glass,rodriguezjake@young-chang.com,2025-02-28
84,Jeffery Johnson,erikadunn@yahoo.com,2024-01-03
85,Marie Orozco,perkinsbrianna@gmail.com,2024-10-08
86,Ricky Garcia,ipowell@hall-osborne.com,2023-09-18
87,Amber Mcdonald,whitetracy@austin-clark.org,2025-04-22
88,Elizabeth Mcfarland,schmidtbilly@jones.com,2024-07-31
89,Amy Mcgee,rphillips@hotmail.com,2025-04-28
90,Anita Russell,tuckeralex@hotmail.com,2025-04-02
91,Devin Spence,laura12@mcguire.com,2024-11-19
92,Samuel Garrett,jamescoleman@hebert.com,2025-07-06
93,Rebecca Freeman,zacharyrobles@brooks.net,2025-07-23
94,Robert Hughes,lloyddonald@hotmail.com,2025-01-16
95,Sarah Little,eric16@barnes-adams.info,2024-11-26
96,Michele Hayes,scottdavis@gmail.com,2024-08-08
97,Eric Meadows,jgonzalez@gmail.com,2025-01-08
98,Lisa Carter,samantha31@yahoo.com,2024-11-19
99,Michael Smith,qjones@taylor-martin.com,2025-04-05
100,Daniel Decker,kristina88@gmail.com,2025-05-12
101,Pamela Small,stevenbright@hotmail.com,2023-10-05
102,Kimberly Walker,dbowers@yahoo.com,2025-01-15
103,Michelle Johnson,cynthiadudley@scott-washington.info,2024-10-08
104,Elizabeth Miller,claudiareilly@zhang.org,2023-10-06
105,Paula Myers,jstevens@evans.biz,2025-04-07
106,Richard Peters,matthew08@gmail.com,2024-12-16
107,Vanessa Dodson,agardner@beck.info,2024-01-31
108,Tracy Ramirez,samueljoseph@hotmail.com,2025-02-02
109,Beth Lee,emmahensley@gmail.com,2024-04-21
110,Patricia Williams,joshua44@yahoo.com,2025-06-29
111,Melanie Jenkins,tsantiago@hotmail.com,2024-04-16
112,Jennifer Nelson,sarahmclaughlin@alexander.com,2024-01-21
113,Jared Nelson,estradacarlos@summers.com,2024-11-16
114,Dennis Martinez,john23@hotmail.com,2024-12-31
115,John Schmidt,evanscathy@yahoo.com,2024-05-30
116,Elizabeth Brown,shawn22@yahoo.com,2023-12-05
117,Kathleen Rivera,dunnelizabeth@weber.com,2024-03-22
118,Christopher Hancock,jordan10@yahoo.com,2025-07-28
119,Francisco Soto,christina28@mercado.com,2024-11-04
120,Pamela Jackson,cjones@williams.info,2023-09-17
121,Patricia Webb,paulduran@barnes.com,2023-08-21
122,Marie Gonzalez,sjones@gmail.com,2024-02-26
123,Elizabeth Shelton,kjennings@gmail.com,2024-10-17
124,Deborah Butler,timothy23@huff.com,2023-08-07
125,Amber Snyder,stefanie35@hotmail.com,2025-02-13
126,Katherine Gardner,lisabrown@singh.biz,2023-09-13
127,Matthew Torres,qallen@harrell.com,2024-04-22
128,Kimberly Mitchell,ricky59@oneal.com,2023-08-07
129,Jeremy Williams,shannon28@gray.net,2024-04-20
130,Christopher Harrison,brownstanley@gill.com,2023-08-07
131,Sandra Cuevas,carolwhitaker@hotmail.com,2023-09-23
132,Barbara Mason,halldarrell@yahoo.com,2024-02-13
133,Ryan Smith,kpeters@yahoo.com,2023-12-21
134,Justin Kirby,zhangdeborah@hotmail.com,2023-09-20
135,Lorraine Harris,rebeccaallen@yahoo.com,2024-06-05
136,Daniel Bass,jasonnunez@gmail.com,2025-01-26
137,Michael Fuller,emclaughlin@hopkins-mayo.com,2025-05-26
138,Daniel Olson,stephanie50@yahoo.com,2024-12-13
139,Nathan Martinez,zhansen@hotmail.com,2023-10-17
140,Patricia Jackson,kathleen19@jimenez.com,2025-06-24
141,Steven Jones,amy41@molina-cunningham.com,2024-09-16
142,Elizabeth Campos,hintonwalter@gmail.com,2025-01-24
143,Michael Flores,samanthasmith@hotmail.com,2024-11-28
144,Jeffrey Daniel,tgould@hotmail.com,2024-05-24
145,Jerry Johnson,ssmith@dyer.com,2025-07-18
146,Steven Cruz,caitlin84@gmail.com,2024-01-04
147,Cynthia Olson,charlesbrad@mercer-parker.biz,2024-03-21
148,Michael Thomas,jbrown@hotmail.com,2024-01-18
149,Nicole Yang,jessica39@holland.biz,2024-09-23
150,Marc Lewis,bennettcynthia@hotmail.com,2025-02-21
151,Kathy Morgan,alexander27@yahoo.com,2024-10-27
152,Sheila Sanchez,downsjohn@gmail.com,2025-03-22
153,John Mclaughlin,pwebster@bailey.net,2023-09-21
154,Thomas Garcia,kenneth92@patterson.com,2025-07-02
155,John Scott,meadowscraig@yahoo.com,2024-05-23
156,Natasha Delacruz,ortiztroy@gmail.com,2024-07-02
157,Mr. Jerry Terrell,rodriguezkristen@maynard.info,2025-04-08
158,Kelly French,aholmes@yahoo.com,2024-07-18
159,Joseph Sanders,eric58@gmail.com,2024-05-28
160,Gregory May,scott19@guerra.org,2024-12-11
161,Kayla Carr,amy56@hotmail.com,2025-04-20
162,Bryan Smith,ugood@yahoo.com,2024-02-05
163,Tabitha Snyder,moodymichael@yahoo.com,2025-07-10
164,Cathy Gallegos,woodswilliam@gmail.com,2025-02-03
165,Bobby Reid,shirley83@rodriguez.com,2023-09-16
166,Barbara Sanders,hallalexis@davis-marshall.com,2024-06-27
167,Christopher Harris,courtney93@yahoo.com,2025-05-27
168,Cristina Boyd,christinegarcia@gmail.com,2023-09-22
169,Andrew Evans,harrisangela@yahoo.com,2024-12-29
170,Carlos Johnson,melissa33@perkins.org,2024-08-27
171,Carrie Fox,ihernandez@hall.biz,2024-05-17
172,Justin Cline,denniskenneth@simpson-beasley.info,2025-02-07
173,David Thomas,lauren91@jackson-brown.org,2024-04-15
174,Maureen Ali,ecarlson@woods-jackson.org,2024-01-14
175,Steven Martinez,stevensdonna@gmail.com,2023-09-21
176,Nicholas Hunter,holly58@miller.net,2025-04-16
177,Justin Mercado,ddavis@king-peterson.com,2023-09-28
178,Reginald Green,barrystephen@jordan.info,2023-12-06
179,Samuel Lewis,thompsonelizabeth@perkins.com,2024-03-30
180,Ronald Lang,heather61@wagner.org,2024-02-25
181,Michele Hodges,brittanygonzalez@cobb.com,2024-01-15
182,Robin Nelson,phyllis84@huerta.com,2024-11-07
183,Jamie Evans,angelapalmer@evans-wright.org,2025-04-27
184,Lauren House,gharris@gilmore.org,2024-02-09
185,Peter Hart,huffderek@dean-payne.biz,2024-09-17
186,Jamie Noble,tammy30@jones-porter.biz,2024-09-15
187,Courtney Hall,lisachavez@hotmail.com,2024-01-18
188,James Garcia,banderson@mcintosh-anderson.biz,2024-01-23
189,Deanna Baker,wilsonjeremy@walters.net,2024-07-16
190,Michael Santiago,qfreeman@hotmail.com,2025-06-26
191,Matthew Green,ginagarcia@brown.com,2023-11-08
192,Stephanie Foley,jtorres@sanders.com,2023-09-28
193,Joseph Martinez,kyle57@armstrong.net,2023-08-23
194,Jody Sanchez DVM,qmalone@dickson.com,2024-12-21
195,Derek Oliver,michealharrell@kaiser.biz,2024-10-12
196,Crystal Greene,heather41@gmail.com,2025-05-03
197,Theresa Chandler,laceyguzman@gmail.com,2024-12-09
198,Patrick Harris,acase@yahoo.com,2025-01-15
199,Morgan Hernandez,jacoborozco@sanchez.org,2024-10-26
200,Shane Hubbard,heidi21@hotmail.com,2023-10-08
201,Megan Hall,deanpham@cook-barber.com,2024-03-01
202,Meredith Bean,eric91@hotmail.com,2025-05-17
203,Angela Rodriguez,justinlowe@gmail.com,2024-05-18
204,James Chavez,krameranthony@yahoo.com,2024-03-24
205,Matthew Silva,larrymason@bishop.biz,2023-09-22
206,Leah Mcdaniel,michelle79@gmail.com,2023-09-28
207,Rebecca Taylor,sean55@williams.com,2025-02-06
208,Amanda Conner,emily59@yahoo.com,2024-01-13
209,Michael Alvarez,austinjackson@yahoo.com,2025-06-21
210,Brandy Brown,kmoody@melton.com,2023-08-01
211,Brad Scott,vthomas@murillo.net,2025-04-05
212,Don Gonzalez,edwardrice@yahoo.com,2023-09-20
213,Jose Garcia,rodneyvincent@brown.com,2025-03-29
214,Sandra Brown,harold57@phillips.net,2024-11-04
215,Rachel Holmes,brandonwhitehead@manning.biz,2025-03-14
216,Jonathan Pope,margaretgreene@simmons.biz,2024-10-10
217,Tracy Olson,michael16@gmail.com,2023-12-17
218,Amy Gross,whitejeffrey@gmail.com,2024-08-15
219,Shari Smith,morancindy@allen.com,2024-04-07
220,Ryan Gibson,keith73@hotmail.com,2024-12-27
221,Dana Reed,ashley77@murray.com,2024-02-18
222,Austin Moran,stacy87@gmail.com,2024-04-11
223,Wendy Greene,terryluke@smith.com,2024-07-11
224,Christina Hicks,seanallen@bush-michael.biz,2024-12-03
225,Cathy Barron,jbrown@anthony-taylor.com,2025-07-02
226,Dylan Caldwell,timothylee@garrison.com,2023-10-15
227,Warren Moore,kathrynmoore@stewart.com,2025-07-02
228,Stacey Hopkins,jennifercunningham@gmail.com,2024-03-07
229,Rebecca Hurley,danielsjoseph@hotmail.com,2023-08-29
230,Kim Miller,kstevenson@pierce.com,2023-10-12
231,Mr. Joseph Dodson MD,danielcarpenter@hotmail.com,2023-11-08
232,Patricia Hansen,donovanjulia@moses-blair.com,2024-12-18
233,Elizabeth Lester,thomas78@acosta.com,2025-06-22
234,Megan Vazquez,janicegentry@reynolds.net,2023-11-28
235,Crystal Santiago,scott26@hotmail.com,2024-07-30
236,Peggy Moore,michael18@riddle.com,2024-01-07
237,Jordan Deleon,christopheraguirre@lee.com,2024-08-19
238,Matthew Bright,agray@gmail.com,2025-01-30
239,Travis Brock,smithtiffany@hotmail.com,2025-03-23
240,Jim Marshall,dmyers@green.biz,2023-09-06
241,Anne Diaz,joshua81@rogers.com,2024-10-05
242,Shirley Johnson,lsampson@yahoo.com,2025-07-16
243,Christopher Ellis,james32@hotmail.com,2023-12-14
244,Steven Case PhD,jayjones@gmail.com,2023-10-03
245,Kendra Fisher DVM,xjohnson@white.com,2025-07-22
246,Joanna Mitchell,xthompson@hammond.net,2023-11-01
247,Ryan Reynolds,carl78@marquez.com,2024-07-10
248,Daniel Grant,floresjacob@tapia.info,2025-07-27
249,Virginia Booth,hernandezrebecca@yahoo.com,2024-12-22
250,Jacob Brown,peter27@robinson.com,2023-09-20
251,Edward Kim,yhebert@townsend-miles.com,2023-10-30
252,Amy Baker,uorr@yahoo.com,2025-04-18
253,Maria Rubio,stonedavid@gmail.com,2025-06-07
254,Christopher Terry,justincase@hotmail.com,2024-12-16
255,Samantha Herrera,dunnkelly@zimmerman.com,2024-10-23
256,Michaela Dawson,jean06@gmail.com,2024-06-03
257,Brian Johnson,roachrobin@gmail.com,2025-06-16
258,Robert Goodman,ftownsend@williams-fisher.com,2023-11-09
259,Alexandria Thomas,leon78@moon.com,2023-11-18
260,Tyler Martin,anthonywright@hotmail.com,2023-11-09
261,Erica Allen,robin47@gmail.com,2024-05-12
262,Hayley Bailey,wallnicole@gmail.com,2025-05-24
263,Karen Le,bakeranthony@hotmail.com,2024-05-10
264,David Rodriguez,samuel06@miller-williams.com,2025-04-09
265,John Daniel,kgreer@yahoo.com,2025-04-28
266,Janet Estrada,jeremygeorge@smith.org,2024-07-15
267,Karen Green,rodneywalsh@gmail.com,2025-03-02
268,Samuel Mcpherson,christopher38@gmail.com,2024-07-29
269,James Palmer,simswalter@gmail.com,2024-05-02
270,Luis Chandler,hebertmelissa@gmail.com,2024-01-18
271,Dawn Martinez,robert97@bailey.com,2025-02-01
272,William Atkins,jonathan95@heath-bright.com,2023-11-06
273,Bryan Smith,connie23@yahoo.com,2025-03-06
274,Tony Myers,nbrown@hobbs-alvarado.com,2024-01-11
275,Derrick Owens Jr.,jeffrey39@yahoo.com,2024-06-08
276,David Thompson,michaelarnold@fleming.com,2025-05-25
277,Kayla Osborn,nancy24@hicks.org,2024-07-08
278,Gina Wheeler,blacktiffany@gmail.com,2024-02-24
279,Ian George,christyjackson@navarro.biz,2025-01-04
280,Morgan Jones,leblancbrittany@yahoo.com,2024-07-19
281,Anne Pope,justin20@perkins.com,2025-02-26
282,Monique Lewis,eugene87@gmail.com,2023-09-08
283,Vanessa Miller,hayesjohnny@graham.net,2024-07-01
284,Aaron Calderon,obrown@yahoo.com,2025-01-19
285,Todd Contreras,ebony68@hotmail.com,2024-12-23
286,Thomas Ballard,salasgeorge@phillips.com,2024-02-13
287,Christopher Ramirez,jocelynhowell@guzman-soto.com,2024-04-12
288,Jessica Reynolds,thughes@martin-weiss.info,2025-03-11
289,Jacob Thompson,dmassey@gmail.com,2023-08-04
290,David Palmer,alvarezkelly@gmail.com,2025-05-17
291,Margaret Flores,hmitchell@arnold.com,2023-09-28
292,William Thompson,ymeyer@williams-ramos.biz,2025-01-24
293,Kenneth Wood,felicia09@harris-torres.com,2024-01-29
294,Anna Stewart,joshuajones@yahoo.com,2023-11-11
295,Monica Munoz,teresaandrade@brown-gomez.com,2024-10-06
296,Monica Middleton,arthur89@miller.com,2024-05-21
297,Jeffrey Molina,yrodriguez@hotmail.com,2024-12-20
298,Chad Clark,richardcole@gmail.com,2024-09-22
299,Christine Ramos,rhoward@martinez-flynn.com,2024-02-27
300,Robert Ford,westjames@anderson-hale.com,2024-06-08
301,Michael Williams,sarahcunningham@martinez.com,2025-05-13
302,Kendra Cunningham,yboyd@yahoo.com,2024-09-19
303,Breanna Pittman,ashleyshawn@gomez.biz,2023-12-24
304,Pamela Young,bjohnson@hotmail.com,2024-07-30
305,Michelle Wright,zcooper@jones.org,2024-05-20
306,Emily Williams,johnluna@hotmail.com,2024-12-10
307,Carol Walker,sharon30@blair.com,2023-08-03
308,Brian Hernandez,hansonmargaret@lowery.com,2025-05-26
309,Alan Anderson,alvareznicholas@salazar.org,2024-01-04
310,Darlene Rogers,thomasmary@hotmail.com,2024-10-17
311,Karen Santos,zray@yahoo.com,2025-03-04
312,Cynthia Campbell,simsbrianna@campbell.biz,2025-02-27
313,Nicole Smith,collinsricky@yahoo.com,2024-06-17
314,Michael Gonzalez,delacruzjames@gordon-johnson.com,2024-06-17
315,Jenna Blake,dking@evans.com,2025-05-07
316,Sarah Ewing,courtneyrusso@gmail.com,2024-01-11
317,Pamela Wilson,watsonmarcia@mejia.com,2024-02-26
318,Charles Mendoza,tuckermartin@yahoo.com,2023-12-29
319,Danielle Braun,ericwilson@gmail.com,2024-11-29
320,Joan Dixon,albert88@richardson-dickson.com,2025-01-07
321,Hector King,ruizsarah@holland.info,2024-10-22
322,Christopher Graham,melissa12@kennedy.info,2024-08-24
323,Christopher Small,christopher91@smith.org,2024-11-12
324,Eric Ramos,meganmacdonald@yahoo.com,2024-06-23
325,Meghan Lewis,jeffreymarshall@johnson-moore.com,2024-06-06
326,Tyrone Medina,jenniferprice@yahoo.com,2024-06-11
327,Lindsay Ellison,hfitzpatrick@yahoo.com,2024-12-05
328,Christopher Stewart,stevensonsierra@gmail.com,2024-08-29
329,Jim Pace,yperez@collins.net,2024-01-09
330,Audrey Quinn,suttonwilliam@sampson.com,2025-04-17
331,Margaret Fox,hamiltonmargaret@harris.com,2023-11-12
332,Joseph Coleman,zanderson@robbins.info,2024-03-19
333,Candace Mercado,hwright@hotmail.com,2023-11-19
334,Matthew Adams,testrada@hotmail.com,2025-07-28
335,Carly White,akelley@hotmail.com,2023-12-19
336,Colton Conner,robertjames@gmail.com,2024-08-14
337,Barry Lawson,kyle97@cohen.com,2024-05-31
338,Patricia Lloyd,smalone@bush.com,2025-06-30
339,Jacob Oliver,dallen@gmail.com,2024-03-27
340,Andrew Dalton,richard68@gmail.com,2024-09-16
341,Michelle Smith,gguerra@taylor-boyd.com,2024-05-14
342,Cindy Boyd,katrina60@gmail.com,2025-05-15
343,David Brewer,kevin27@hotmail.com,2023-12-08
344,Angel Castillo,rodriguezanthony@carr.com,2023-12-26
345,Bruce Smith,johnsonholly@yahoo.com,2024-07-31
346,Kenneth Schroeder,zsalinas@gmail.com,2025-05-15
347,Jimmy Johnston,jamesdixon@gmail.com,2025-07-18
348,Tammy Cole,pamelawalker@rasmussen-brown.com,2023-12-26
349,Kenneth Williams,kquinn@hahn.net,2023-11-07
350,Timothy Perez,colemanpatrick@yahoo.com,2025-05-15
351,Michael Johnson,tasha15@rodgers.com,2024-07-18
352,Wendy Nelson,ocook@herrera.com,2024-04-02
353,Gabriela Morris,andrew29@garcia-buck.com,2025-05-09
354,Sarah Ferguson,jeremymartin@gmail.com,2025-02-06
355,Jocelyn Hudson,normansamantha@gmail.com,2025-02-02
356,Linda Pacheco,michael57@ellis-johnson.com,2023-09-11
357,Jeremy Robertson,raykyle@montgomery.org,2024-10-04
358,Edwin Jenkins,etaylor@simpson-oconnor.biz,2024-03-01
359,Molly Sullivan,ylong@stephens.org,2025-07-10
360,Catherine Wallace,cruznoah@gmail.com,2025-04-21
361,Kristen Morgan,carterronald@warner.biz,2025-07-03
362,Timothy Long,christina14@adams.com,2024-10-23
363,Joel Stone,edwin22@wallace.net,2024-07-27
364,Dustin Anderson DVM,wkrueger@edwards.com,2025-06-07
365,Linda Lawson,howardthomas@vance.info,2024-02-10
366,Jason Cortez,ybender@yahoo.com,2025-04-23
367,Christine Sanchez,riggsdavid@erickson.biz,2024-03-27
368,Tony Byrd,blynch@gmail.com,2024-07-27
369,Angela Kelly,michelle07@west.com,2023-10-25
370,Joy Arroyo,umckinney@hotmail.com,2025-05-15
371,Kimberly Jones,mathewmckenzie@lopez.org,2023-09-28
372,Darrell Roberts,michael55@liu.com,2024-08-21
373,Rachel White,markfoster@moore.com,2025-05-04
374,Eric Woodward,emily70@gmail.com,2025-07-06
375,Ms. Elizabeth Ramirez,kristen99@hotmail.com,2025-02-16
376,Christopher Chavez,tcarter@gmail.com,2025-04-02
377,James Martin,xmiller@gmail.com,2024-01-06
378,Eric Phillips,egarrett@riley.com,2023-11-11
379,Tammy Bailey,kelly82@yahoo.com,2023-09-08
380,Joseph Moore,luisrodriguez@yahoo.com,2025-05-19
381,Jennifer Livingston,tiffany33@hotmail.com,2023-11-23
382,Richard Ellis,bthomas@yahoo.com,2025-05-26
383,Jacob Chase,carolynspencer@gmail.com,2024-08-08
384,Ashley Mckenzie,blevinsbradley@lowe.com,2024-11-08
385,Lance Webb,christopherjones@gmail.com,2025-04-18
386,Patricia George,lking@brown.info,2024-08-13
387,Kevin Page,groth@summers.org,2024-01-10
388,Leslie Flowers,troy06@hotmail.com,2024-10-28
389,Paul Robles,patricia80@gmail.com,2024-03-08
390,Deborah Scott,matthew29@yahoo.com,2025-02-16
391,Daniel Gill,angelarivera@hotmail.com,2025-07-26
392,Tamara Craig,nealrebecca@yahoo.com,2024-01-31
393,Anna Daniel DVM,martinregina@hotmail.com,2024-07-20
394,Sharon Jones,brandonarcher@hotmail.com,2025-05-28
395,James Rice,burnsdebra@yahoo.com,2023-09-14
396,Kenneth Gomez,ycarter@yahoo.com,2023-12-09
397,Andrew Mitchell,wbates@hotmail.com,2024-06-30
398,Ronald Schultz,elizabeth13@alvarado.com,2023-10-15
399,Mrs. Melanie Nichols MD,nicholasross@durham.com,2023-08-24
400,Matthew Mcconnell,michaelvelasquez@newton.info,2025-06-03
401,Christopher Duke,elizabethball@gmail.com,2024-06-14
402,Nathan Hernandez,dana97@hotmail.com,2025-05-18
403,Rachel Bell,terringuyen@hotmail.com,2024-07-02
404,Bryan Smith,eryan@gmail.com,2023-09-23
405,Jennifer Grimes,ggonzalez@gmail.com,2023-10-10
406,Katherine Welch,ashley61@hotmail.com,2024-02-02
407,Kirk Galloway,ddyer@gmail.com,2024-11-11
408,Dr. Lisa Mclean,chandlerpamela@gmail.com,2024-09-13
409,Sharon Cook,heather73@gmail.com,2024-08-16
410,Tiffany Andrews,brandythompson@yahoo.com,2024-02-08
411,Denise Thomas,priddle@holmes-watson.org,2025-06-03
412,Gregory Hurley,zdean@gray.net,2024-07-16
413,Vincent Ramirez,zrose@rios-mills.com,2024-04-04
414,Lisa Smith,michele27@yahoo.com,2024-09-15
415,Regina Collins,victoriaclark@yahoo.com,2025-01-11
416,Annette Greene,william77@gmail.com,2025-07-09
417,Kelly Lee,medinajames@yahoo.com,2024-08-20
418,Charles Humphrey,elee@monroe.com,2024-02-25
419,Rebecca Villa,laurenbond@yahoo.com,2024-05-30
420,Samantha Bennett,vhunter@gmail.com,2024-09-18
421,Jose Cole,jonesjasmine@cortez.info,2024-03-13
422,Matthew Williams,sierra58@hamilton.com,2025-06-10
423,Jaclyn Mckenzie,heather51@hotmail.com,2024-01-19
424,Dr. Willie Morris,davenportbobby@bright.com,2025-03-19
425,Jackson Clark,fwilliams@gmail.com,2025-01-12
426,Angie Castaneda,jennifer22@gmail.com,2024-09-01
427,Robin Perez,patrick13@kelly.com,2024-12-03
428,Blake Summers,fmiller@gmail.com,2024-07-24
429,Andrew Hughes,josephfinley@lopez.net,2024-03-17
430,Scott Collins,wwhite@yahoo.com,2024-07-12
431,Kara Price,maciascorey@gmail.com,2024-01-04
432,Amy Wilson,iscott@williams.com,2023-10-20
433,Natalie Bryan,gburgess@gmail.com,2025-01-15
434,Alicia Solis,kathrynbarber@yahoo.com,2023-11-28
435,David Thompson,marcusmorris@yahoo.com,2024-10-01
436,Emily Horton,lindamiller@yahoo.com,2024-01-30
437,Paul Ramirez,alejandrohuffman@hotmail.com,2024-11-28
438,Daisy Medina,juan18@allen.com,2024-05-24
439,Amanda Hernandez,dakota91@drake-douglas.com,2025-01-29
440,Wendy Wood,thomasbenjamin@lam.com,2023-10-30
441,Shane Reese,shannon02@camacho.org,2025-05-26
442,Julie Calderon,christianmichelle@yahoo.com,2025-05-05
443,Kelsey Davis,trobinson@gmail.com,2023-09-04
444,Christopher Keller,christopher73@gonzales-miller.info,2023-07-31
445,Carlos Wade,leonard74@hall.biz,2024-01-25
446,Jasmine Saunders,johnpotts@hotmail.com,2025-01-30
447,Alexandra Cameron,khuang@gmail.com,2024-10-31
448,Margaret Scott,vasquezpaul@yahoo.com,2023-09-08
449,Vanessa Holland,ericpugh@peterson-moore.com,2025-03-16
450,John Foster,jacksonmark@kaufman.com,2024-11-09
451,Mr. Jonathan Bond,schultzjavier@powell.com,2025-01-26
452,Daniel Parks,vflynn@gmail.com,2024-03-26
453,Regina Gross,gregoryburton@walsh.org,2023-08-07
454,Beverly Martinez,stokesrobert@hotmail.com,2023-12-04
455,Virginia Morton,esharp@yahoo.com,2024-07-03
456,Natalie Larsen,bgray@taylor.info,2023-11-30
457,Jade Mathis,phendricks@brooks.com,2025-02-08
458,Melissa Brown,debrawalton@yahoo.com,2025-04-09
459,Debra Rivers,ubaker@lewis.info,2024-06-04
460,Tammy Reed,jeremy73@archer.com,2025-05-11
461,Matthew Andrews,carloshaynes@gmail.com,2024-02-21
462,Elizabeth Cooper,adam18@may-williamson.com,2023-08-10
463,Michael Ramirez,alopez@yahoo.com,2025-06-26
464,Kevin Bird,kenneth45@hotmail.com,2025-06-20
465,Wesley Savage,walkerpaul@gmail.com,2024-08-29
466,Jennifer Ochoa,njackson@hotmail.com,2025-03-07
467,Richard Stokes,urichmond@morales.com,2023-12-22
468,Michael Gonzales,emilyjohnson@gmail.com,2024-04-03
469,Timothy Frank,josepeck@walsh-johnson.com,2025-01-07
470,Andrew Murphy,msmith@wilson.com,2024-08-11
471,William Allen,fcase@goodman-cook.com,2023-11-12
472,Kevin English,rodriguezrenee@james.biz,2024-02-28
473,Jennifer Scott,kevinmiller@yahoo.com,2024-07-03
474,Jerry Perez,floresarthur@gmail.com,2024-02-18
475,Malik Williams,mistykrause@yahoo.com,2024-03-04
476,Shannon Martinez,mruiz@hotmail.com,2024-01-26
477,Vickie Murphy,steven15@gmail.com,2024-02-08
478,Shannon Jacobs,dustin08@carlson-williams.com,2025-02-18
479,Jeremy Shields,ispencer@williams.com,2024-12-01
480,Alan Morales,esmith@yahoo.com,2024-08-17
481,Thomas Carter,juan16@yahoo.com,2024-03-21
482,Amber Smith,michael24@martinez.com,2025-07-22
483,Cynthia Mitchell,craigmartin@gmail.com,2023-12-13
484,Alexandria Perry,jamiegonzales@yahoo.com,2024-01-11
485,Rachael Thompson,lopezshawn@hotmail.com,2025-02-09
486,Angela Pittman,saranguyen@yahoo.com,2025-03-09
487,Ana Herrera,pattersonscott@ward.com,2025-04-21
488,Dominic Hudson,deborahjohnson@smith.com,2024-03-09
489,Timothy Hall,hsmith@pearson.com,2024-05-03
490,Alexandra Richardson,robin27@russell.info,2024-09-16
491,Mark Baker,nathanthomas@reese-liu.com,2024-03-21
492,Phillip Cunningham,cbarrett@turner.com,2024-12-07
493,Richard Barber,joneslawrence@archer-williams.org,2024-11-15
494,Christine Morris,obrienmichelle@hotmail.com,2024-02-06
495,Pamela Gonzales,hartemily@hotmail.com,2024-03-15
496,Denise Montgomery,hineskyle@sanchez.com,2024-05-10
497,Tanya Moore,fdavies@webb.com,2023-08-05
498,Kelsey Jenkins,nhuber@frost-estrada.net,2025-06-21
499,Sean Wilson,vincentmartinez@ramirez.com,2024-04-16
500,Steven Faulkner,grosario@palmer.com,2024-04-20
